Workbook

Sheet Setting
A1: ATTENDANCE TEMPLATE - SETTINGS
A2: Yellow cells with blue text are inputs. Everything else calculates automatically. | E2: Paid holidays (blank cells on these dates count as PH)
A3: Item | B3: Value | C3: Note | E3: Holiday Date | F3: Holiday Name
A4: Company Name | B4: Your Company Name | C4: Shown on the attendance sheet heading | E4: 46335 | F4: Example holiday - overwrite
A5: Attendance Month | B5: 46296 | C5: Type any date of the month (e.g. 01-Nov-2026) - the whole sheet changes
A6: First Day of Month | B6: =DATE(YEAR(B5),MONTH(B5),1) -> 46296 | C6: Auto
A7: Days in Month | B7: =DAY(EOMONTH(B5,0)) -> 31 | C7: Auto
A8: Weekly Off Day (1=Sun, 2=Mon ... 7=Sat) | B8: 1 | C8: Weekly off is counted automatically on blank cells of this weekday
A11: ATTENDANCE CODES (use in the Attendance sheet)
A12: Code | B12: Meaning | C12: Paid Day Value
A13: P | B13: Present | C13: 1
A14: A | B14: Absent (Loss of Pay) | C14: 0
A15: HD | B15: Half Day | C15: 0.5 paid / 0.5 LOP
A16: WO | B16: Weekly Off (auto on blank cells) | C16: 1
A17: PH | B17: Paid Holiday (auto on blank cells) | C17: 1
A18: CL | B18: Casual Leave | C18: 1
A19: SL | B19: Sick Leave | C19: 1
A20: PL | B20: Privilege / Earned Leave | C20: 1
A22: HOW TO USE
A23: 1. Fill Setting (company, month, weekly off, holidays).
A24: 2. Enter employees once in Employee_List (code, name, department...).
A25: 3. In Attendance, pick a code from the dropdown for each day. Leave weekly-off / holiday days blank - they are counted automatically.
A26: 4. Paid Days, LOP Days and Unmarked Days (days not yet filled) calculate on the right. Copy Paid Days to the Salary Slip template.
A27: 5. Rows can be extended: copy the last row of Employee_List and Attendance downwards.

Sheet Attendance
A1: =Setting!B4&" - ATTENDANCE SHEET" -> Your Company Name - ATTENDANCE SHEET
A2: ="Month: "&TEXT(Setting!B5,"mmmm yyyy")&" | Days in month: "&Setting!B7 -> Month: October 2026 | Days in month: 31
A4: Sr | B4: Emp Code | C4: Employee Name | D4: =IF(1<=Setting!$B$7,DATE(YEAR(Setting!$B$5),MONTH(Setting!$B$5),1),"") -> 46296 | E4: =IF(2<=Setting!$B$7,DATE(YEAR(Setting!$B$5),MONTH(Setting!$B$5),2),"") -> 46297 | F4: =IF(3<=Setting!$B$7,DATE(YEAR(Setting!$B$5),MONTH(Setting!$B$5),3),"") -> 46298 | G4: =IF(4<=Setting!$B$7,DATE(YEAR(Setting!$B$5),MONTH(Setting!$B$5),4),"") -> 46299 | H4: =IF(5<=Setting!$B$7,DATE(YEAR(Setting!$B$5),MONTH(Setting!$B$5),5),"") -> 46300 | I4: =IF(6<=Setting!$B$7,DATE(YEAR(Setting!$B$5),MONTH(Setting!$B$5),6),"") -> 46301 | J4: =IF(7<=Setting!$B$7,DATE(YEAR(Setting!$B$5),MONTH(Setting!$B$5),7),"") -> 46302 | K4: =IF(8<=Setting!$B$7,DATE(YEAR(Setting!$B$5),MONTH(Setting!$B$5),8),"") -> 46303 | L4: =IF(9<=Setting!$B$7,DATE(YEAR(Setting!$B$5),MONTH(Setting!$B$5),9),"") -> 46304 | M4: =IF(10<=Setting!$B$7,DATE(YEAR(Setting!$B$5),MONTH(Setting!$B$5),10),"") -> 46305 | N4: =IF(11<=Setting!$B$7,DATE(YEAR(Setting!$B$5),MONTH(Setting!$B$5),11),"") -> 46306 | O4: =IF(12<=Setting!$B$7,DATE(YEAR(Setting!$B$5),MONTH(Setting!$B$5),12),"") -> 46307 | P4: =IF(13<=Setting!$B$7,DATE(YEAR(Setting!$B$5),MONTH(Setting!$B$5),13),"") -> 46308 | Q4: =IF(14<=Setting!$B$7,DATE(YEAR(Setting!$B$5),MONTH(Setting!$B$5),14),"") -> 46309 | R4: =IF(15<=Setting!$B$7,DATE(YEAR(Setting!$B$5),MONTH(Setting!$B$5),15),"") -> 46310 | S4: =IF(16<=Setting!$B$7,DATE(YEAR(Setting!$B$5),MONTH(Setting!$B$5),16),"") -> 46311 | T4: =IF(17<=Setting!$B$7,DATE(YEAR(Setting!$B$5),MONTH(Setting!$B$5),17),"") -> 46312 | U4: =IF(18<=Setting!$B$7,DATE(YEAR(Setting!$B$5),MONTH(Setting!$B$5),18),"") -> 46313 | V4: =IF(19<=Setting!$B$7,DATE(YEAR(Setting!$B$5),MONTH(Setting!$B$5),19),"") -> 46314 | W4: =IF(20<=Setting!$B$7,DATE(YEAR(Setting!$B$5),MONTH(Setting!$B$5),20),"") -> 46315 | X4: =IF(21<=Setting!$B$7,DATE(YEAR(Setting!$B$5),MONTH(Setting!$B$5),21),"") -> 46316 | Y4: =IF(22<=Setting!$B$7,DATE(YEAR(Setting!$B$5),MONTH(Setting!$B$5),22),"") -> 46317 | Z4: =IF(23<=Setting!$B$7,DATE(YEAR(Setting!$B$5),MONTH(Setting!$B$5),23),"") -> 46318 | AA4: =IF(24<=Setting!$B$7,DATE(YEAR(Setting!$B$5),MONTH(Setting!$B$5),24),"") -> 46319 | AB4: =IF(25<=Setting!$B$7,DATE(YEAR(Setting!$B$5),MONTH(Setting!$B$5),25),"") -> 46320 | AC4: =IF(26<=Setting!$B$7,DATE(YEAR(Setting!$B$5),MONTH(Setting!$B$5),26),"") -> 46321 | AD4: =IF(27<=Setting!$B$7,DATE(YEAR(Setting!$B$5),MONTH(Setting!$B$5),27),"") -> 46322 | AE4: =IF(28<=Setting!$B$7,DATE(YEAR(Setting!$B$5),MONTH(Setting!$B$5),28),"") -> 46323 | AF4: =IF(29<=Setting!$B$7,DATE(YEAR(Setting!$B$5),MONTH(Setting!$B$5),29),"") -> 46324 | AG4: =IF(30<=Setting!$B$7,DATE(YEAR(Setting!$B$5),MONTH(Setting!$B$5),30),"") -> 46325 | AH4: =IF(31<=Setting!$B$7,DATE(YEAR(Setting!$B$5),MONTH(Setting!$B$5),31),"") -> 46326 | AI4: Present | AJ4: Absent | AK4: Half Day | AL4: Weekly Off | AM4: Paid Holiday | AN4: CL | AO4: SL | AP4: PL | AQ4: PAID DAYS | AR4: LOP DAYS | AS4: Unmarked Days
C5: Day | D5: =IF(D4="","",TEXT(D4,"ddd")) -> Thu | E5: =IF(E4="","",TEXT(E4,"ddd")) -> Fri | F5: =IF(F4="","",TEXT(F4,"ddd")) -> Sat | G5: =IF(G4="","",TEXT(G4,"ddd")) -> Sun | H5: =IF(H4="","",TEXT(H4,"ddd")) -> Mon | I5: =IF(I4="","",TEXT(I4,"ddd")) -> Tue | J5: =IF(J4="","",TEXT(J4,"ddd")) -> Wed | K5: =IF(K4="","",TEXT(K4,"ddd")) -> Thu | ... AH5: =IF(AH4="","",TEXT(AH4,"ddd")) -> Sat
C6: Weekly Off / Holiday (auto) | D6: =IF(D4="","",IF(COUNTIF(Setting!$E$4:$E$33,D4)>0,"PH",IF(WEEKDAY(D4)=Setting!$B$8,"WO",""))) | E6: =IF(E4="","",IF(COUNTIF(Setting!$E$4:$E$33,E4)>0,"PH",IF(WEEKDAY(E4)=Setting!$B$8,"WO",""))) | F6: =IF(F4="","",IF(COUNTIF(Setting!$E$4:$E$33,F4)>0,"PH",IF(WEEKDAY(F4)=Setting!$B$8,"WO",""))) | G6: =IF(G4="","",IF(COUNTIF(Setting!$E$4:$E$33,G4)>0,"PH",IF(WEEKDAY(G4)=Setting!$B$8,"WO",""))) -> WO | H6: =IF(H4="","",IF(COUNTIF(Setting!$E$4:$E$33,H4)>0,"PH",IF(WEEKDAY(H4)=Setting!$B$8,"WO",""))) | I6: =IF(I4="","",IF(COUNTIF(Setting!$E$4:$E$33,I4)>0,"PH",IF(WEEKDAY(I4)=Setting!$B$8,"WO",""))) | J6: =IF(J4="","",IF(COUNTIF(Setting!$E$4:$E$33,J4)>0,"PH",IF(WEEKDAY(J4)=Setting!$B$8,"WO",""))) | K6: =IF(K4="","",IF(COUNTIF(Setting!$E$4:$E$33,K4)>0,"PH",IF(WEEKDAY(K4)=Setting!$B$8,"WO",""))) | ... AH6: =IF(AH4="","",IF(COUNTIF(Setting!$E$4:$E$33,AH4)>0,"PH",IF(WEEKDAY(AH4)=Setting!$B$8,"WO","")))
A7: =IF(B7="","",ROW()-6) -> 1 | B7: =IF(Employee_List!A5="","",Employee_List!A5) -> EMP001 | C7: =IF(B7="","",Employee_List!B5) -> Sample Employee | AI7: =IF($B7="","",COUNTIF($D7:$AH7,"P")) -> 0 | AJ7: =IF($B7="","",COUNTIF($D7:$AH7,"A")) -> 0 | AK7: =IF($B7="","",COUNTIF($D7:$AH7,"HD")) -> 0 | AL7: =IF($B7="","",COUNTIF($D7:$AH7,"WO")+SUMPRODUCT(($D7:$AH7="")*($D$6:$AH$6="WO"))) -> 4 | AM7: =IF($B7="","",COUNTIF($D7:$AH7,"PH")+SUMPRODUCT(($D7:$AH7="")*($D$6:$AH$6="PH"))) -> 0 | AN7: =IF($B7="","",COUNTIF($D7:$AH7,"CL")) -> 0 | AO7: =IF($B7="","",COUNTIF($D7:$AH7,"SL")) -> 0 | AP7: =IF($B7="","",COUNTIF($D7:$AH7,"PL")) -> 0 | AQ7: =IF($B7="","",AI7+0.5*AK7+AL7+AM7+AN7+AO7+AP7) -> 4 | AR7: =IF($B7="","",AJ7+0.5*AK7) -> 0 | AS7: =IF($B7="","",Setting!$B$7-(AI7+AJ7+AK7+AL7+AM7+AN7+AO7+AP7)) -> 27
A8: =IF(B8="","",ROW()-6) | B8: =IF(Employee_List!A6="","",Employee_List!A6) | C8: =IF(B8="","",Employee_List!B6) | AI8: =IF($B8="","",COUNTIF($D8:$AH8,"P")) | AJ8: =IF($B8="","",COUNTIF($D8:$AH8,"A")) | AK8: =IF($B8="","",COUNTIF($D8:$AH8,"HD")) | AL8: =IF($B8="","",COUNTIF($D8:$AH8,"WO")+SUMPRODUCT(($D8:$AH8="")*($D$6:$AH$6="WO"))) | AM8: =IF($B8="","",COUNTIF($D8:$AH8,"PH")+SUMPRODUCT(($D8:$AH8="")*($D$6:$AH$6="PH"))) | AN8: =IF($B8="","",COUNTIF($D8:$AH8,"CL")) | AO8: =IF($B8="","",COUNTIF($D8:$AH8,"SL")) | AP8: =IF($B8="","",COUNTIF($D8:$AH8,"PL")) | AQ8: =IF($B8="","",AI8+0.5*AK8+AL8+AM8+AN8+AO8+AP8) | AR8: =IF($B8="","",AJ8+0.5*AK8) | AS8: =IF($B8="","",Setting!$B$7-(AI8+AJ8+AK8+AL8+AM8+AN8+AO8+AP8))
A9: =IF(B9="","",ROW()-6) | B9: =IF(Employee_List!A7="","",Employee_List!A7) | C9: =IF(B9="","",Employee_List!B7) | AI9: =IF($B9="","",COUNTIF($D9:$AH9,"P")) | AJ9: =IF($B9="","",COUNTIF($D9:$AH9,"A")) | AK9: =IF($B9="","",COUNTIF($D9:$AH9,"HD")) | AL9: =IF($B9="","",COUNTIF($D9:$AH9,"WO")+SUMPRODUCT(($D9:$AH9="")*($D$6:$AH$6="WO"))) | AM9: =IF($B9="","",COUNTIF($D9:$AH9,"PH")+SUMPRODUCT(($D9:$AH9="")*($D$6:$AH$6="PH"))) | AN9: =IF($B9="","",COUNTIF($D9:$AH9,"CL")) | AO9: =IF($B9="","",COUNTIF($D9:$AH9,"SL")) | AP9: =IF($B9="","",COUNTIF($D9:$AH9,"PL")) | AQ9: =IF($B9="","",AI9+0.5*AK9+AL9+AM9+AN9+AO9+AP9) | AR9: =IF($B9="","",AJ9+0.5*AK9) | AS9: =IF($B9="","",Setting!$B$7-(AI9+AJ9+AK9+AL9+AM9+AN9+AO9+AP9))
A10: =IF(B10="","",ROW()-6) | B10: =IF(Employee_List!A8="","",Employee_List!A8) | C10: =IF(B10="","",Employee_List!B8) | AI10: =IF($B10="","",COUNTIF($D10:$AH10,"P")) | AJ10: =IF($B10="","",COUNTIF($D10:$AH10,"A")) | AK10: =IF($B10="","",COUNTIF($D10:$AH10,"HD")) | AL10: =IF($B10="","",COUNTIF($D10:$AH10,"WO")+SUMPRODUCT(($D10:$AH10="")*($D$6:$AH$6="WO"))) | AM10: =IF($B10="","",COUNTIF($D10:$AH10,"PH")+SUMPRODUCT(($D10:$AH10="")*($D$6:$AH$6="PH"))) | AN10: =IF($B10="","",COUNTIF($D10:$AH10,"CL")) | AO10: =IF($B10="","",COUNTIF($D10:$AH10,"SL")) | AP10: =IF($B10="","",COUNTIF($D10:$AH10,"PL")) | AQ10: =IF($B10="","",AI10+0.5*AK10+AL10+AM10+AN10+AO10+AP10) | AR10: =IF($B10="","",AJ10+0.5*AK10) | AS10: =IF($B10="","",Setting!$B$7-(AI10+AJ10+AK10+AL10+AM10+AN10+AO10+AP10))
A11: =IF(B11="","",ROW()-6) | B11: =IF(Employee_List!A9="","",Employee_List!A9) | C11: =IF(B11="","",Employee_List!B9) | AI11: =IF($B11="","",COUNTIF($D11:$AH11,"P")) | AJ11: =IF($B11="","",COUNTIF($D11:$AH11,"A")) | AK11: =IF($B11="","",COUNTIF($D11:$AH11,"HD")) | AL11: =IF($B11="","",COUNTIF($D11:$AH11,"WO")+SUMPRODUCT(($D11:$AH11="")*($D$6:$AH$6="WO"))) | AM11: =IF($B11="","",COUNTIF($D11:$AH11,"PH")+SUMPRODUCT(($D11:$AH11="")*($D$6:$AH$6="PH"))) | AN11: =IF($B11="","",COUNTIF($D11:$AH11,"CL")) | AO11: =IF($B11="","",COUNTIF($D11:$AH11,"SL")) | AP11: =IF($B11="","",COUNTIF($D11:$AH11,"PL")) | AQ11: =IF($B11="","",AI11+0.5*AK11+AL11+AM11+AN11+AO11+AP11) | AR11: =IF($B11="","",AJ11+0.5*AK11) | AS11: =IF($B11="","",Setting!$B$7-(AI11+AJ11+AK11+AL11+AM11+AN11+AO11+AP11))
A12: =IF(B12="","",ROW()-6) | B12: =IF(Employee_List!A10="","",Employee_List!A10) | C12: =IF(B12="","",Employee_List!B10) | AI12: =IF($B12="","",COUNTIF($D12:$AH12,"P")) | AJ12: =IF($B12="","",COUNTIF($D12:$AH12,"A")) | AK12: =IF($B12="","",COUNTIF($D12:$AH12,"HD")) | AL12: =IF($B12="","",COUNTIF($D12:$AH12,"WO")+SUMPRODUCT(($D12:$AH12="")*($D$6:$AH$6="WO"))) | AM12: =IF($B12="","",COUNTIF($D12:$AH12,"PH")+SUMPRODUCT(($D12:$AH12="")*($D$6:$AH$6="PH"))) | AN12: =IF($B12="","",COUNTIF($D12:$AH12,"CL")) | AO12: =IF($B12="","",COUNTIF($D12:$AH12,"SL")) | AP12: =IF($B12="","",COUNTIF($D12:$AH12,"PL")) | AQ12: =IF($B12="","",AI12+0.5*AK12+AL12+AM12+AN12+AO12+AP12) | AR12: =IF($B12="","",AJ12+0.5*AK12) | AS12: =IF($B12="","",Setting!$B$7-(AI12+AJ12+AK12+AL12+AM12+AN12+AO12+AP12))
A13: =IF(B13="","",ROW()-6) | B13: =IF(Employee_List!A11="","",Employee_List!A11) | C13: =IF(B13="","",Employee_List!B11) | AI13: =IF($B13="","",COUNTIF($D13:$AH13,"P")) | AJ13: =IF($B13="","",COUNTIF($D13:$AH13,"A")) | AK13: =IF($B13="","",COUNTIF($D13:$AH13,"HD")) | AL13: =IF($B13="","",COUNTIF($D13:$AH13,"WO")+SUMPRODUCT(($D13:$AH13="")*($D$6:$AH$6="WO"))) | AM13: =IF($B13="","",COUNTIF($D13:$AH13,"PH")+SUMPRODUCT(($D13:$AH13="")*($D$6:$AH$6="PH"))) | AN13: =IF($B13="","",COUNTIF($D13:$AH13,"CL")) | AO13: =IF($B13="","",COUNTIF($D13:$AH13,"SL")) | AP13: =IF($B13="","",COUNTIF($D13:$AH13,"PL")) | AQ13: =IF($B13="","",AI13+0.5*AK13+AL13+AM13+AN13+AO13+AP13) | AR13: =IF($B13="","",AJ13+0.5*AK13) | AS13: =IF($B13="","",Setting!$B$7-(AI13+AJ13+AK13+AL13+AM13+AN13+AO13+AP13))
A14: =IF(B14="","",ROW()-6) | B14: =IF(Employee_List!A12="","",Employee_List!A12) | C14: =IF(B14="","",Employee_List!B12) | AI14: =IF($B14="","",COUNTIF($D14:$AH14,"P")) | AJ14: =IF($B14="","",COUNTIF($D14:$AH14,"A")) | AK14: =IF($B14="","",COUNTIF($D14:$AH14,"HD")) | AL14: =IF($B14="","",COUNTIF($D14:$AH14,"WO")+SUMPRODUCT(($D14:$AH14="")*($D$6:$AH$6="WO"))) | AM14: =IF($B14="","",COUNTIF($D14:$AH14,"PH")+SUMPRODUCT(($D14:$AH14="")*($D$6:$AH$6="PH"))) | AN14: =IF($B14="","",COUNTIF($D14:$AH14,"CL")) | AO14: =IF($B14="","",COUNTIF($D14:$AH14,"SL")) | AP14: =IF($B14="","",COUNTIF($D14:$AH14,"PL")) | AQ14: =IF($B14="","",AI14+0.5*AK14+AL14+AM14+AN14+AO14+AP14) | AR14: =IF($B14="","",AJ14+0.5*AK14) | AS14: =IF($B14="","",Setting!$B$7-(AI14+AJ14+AK14+AL14+AM14+AN14+AO14+AP14))
A15: =IF(B15="","",ROW()-6) | B15: =IF(Employee_List!A13="","",Employee_List!A13) | C15: =IF(B15="","",Employee_List!B13) | AI15: =IF($B15="","",COUNTIF($D15:$AH15,"P")) | AJ15: =IF($B15="","",COUNTIF($D15:$AH15,"A")) | AK15: =IF($B15="","",COUNTIF($D15:$AH15,"HD")) | AL15: =IF($B15="","",COUNTIF($D15:$AH15,"WO")+SUMPRODUCT(($D15:$AH15="")*($D$6:$AH$6="WO"))) | AM15: =IF($B15="","",COUNTIF($D15:$AH15,"PH")+SUMPRODUCT(($D15:$AH15="")*($D$6:$AH$6="PH"))) | AN15: =IF($B15="","",COUNTIF($D15:$AH15,"CL")) | AO15: =IF($B15="","",COUNTIF($D15:$AH15,"SL")) | AP15: =IF($B15="","",COUNTIF($D15:$AH15,"PL")) | AQ15: =IF($B15="","",AI15+0.5*AK15+AL15+AM15+AN15+AO15+AP15) | AR15: =IF($B15="","",AJ15+0.5*AK15) | AS15: =IF($B15="","",Setting!$B$7-(AI15+AJ15+AK15+AL15+AM15+AN15+AO15+AP15))
A16: =IF(B16="","",ROW()-6) | B16: =IF(Employee_List!A14="","",Employee_List!A14) | C16: =IF(B16="","",Employee_List!B14) | AI16: =IF($B16="","",COUNTIF($D16:$AH16,"P")) | AJ16: =IF($B16="","",COUNTIF($D16:$AH16,"A")) | AK16: =IF($B16="","",COUNTIF($D16:$AH16,"HD")) | AL16: =IF($B16="","",COUNTIF($D16:$AH16,"WO")+SUMPRODUCT(($D16:$AH16="")*($D$6:$AH$6="WO"))) | AM16: =IF($B16="","",COUNTIF($D16:$AH16,"PH")+SUMPRODUCT(($D16:$AH16="")*($D$6:$AH$6="PH"))) | AN16: =IF($B16="","",COUNTIF($D16:$AH16,"CL")) | AO16: =IF($B16="","",COUNTIF($D16:$AH16,"SL")) | AP16: =IF($B16="","",COUNTIF($D16:$AH16,"PL")) | AQ16: =IF($B16="","",AI16+0.5*AK16+AL16+AM16+AN16+AO16+AP16) | AR16: =IF($B16="","",AJ16+0.5*AK16) | AS16: =IF($B16="","",Setting!$B$7-(AI16+AJ16+AK16+AL16+AM16+AN16+AO16+AP16))
A17: =IF(B17="","",ROW()-6) | B17: =IF(Employee_List!A15="","",Employee_List!A15) | C17: =IF(B17="","",Employee_List!B15) | AI17: =IF($B17="","",COUNTIF($D17:$AH17,"P")) | AJ17: =IF($B17="","",COUNTIF($D17:$AH17,"A")) | AK17: =IF($B17="","",COUNTIF($D17:$AH17,"HD")) | AL17: =IF($B17="","",COUNTIF($D17:$AH17,"WO")+SUMPRODUCT(($D17:$AH17="")*($D$6:$AH$6="WO"))) | AM17: =IF($B17="","",COUNTIF($D17:$AH17,"PH")+SUMPRODUCT(($D17:$AH17="")*($D$6:$AH$6="PH"))) | AN17: =IF($B17="","",COUNTIF($D17:$AH17,"CL")) | AO17: =IF($B17="","",COUNTIF($D17:$AH17,"SL")) | AP17: =IF($B17="","",COUNTIF($D17:$AH17,"PL")) | AQ17: =IF($B17="","",AI17+0.5*AK17+AL17+AM17+AN17+AO17+AP17) | AR17: =IF($B17="","",AJ17+0.5*AK17) | AS17: =IF($B17="","",Setting!$B$7-(AI17+AJ17+AK17+AL17+AM17+AN17+AO17+AP17))
A18: =IF(B18="","",ROW()-6) | B18: =IF(Employee_List!A16="","",Employee_List!A16) | C18: =IF(B18="","",Employee_List!B16) | AI18: =IF($B18="","",COUNTIF($D18:$AH18,"P")) | AJ18: =IF($B18="","",COUNTIF($D18:$AH18,"A")) | AK18: =IF($B18="","",COUNTIF($D18:$AH18,"HD")) | AL18: =IF($B18="","",COUNTIF($D18:$AH18,"WO")+SUMPRODUCT(($D18:$AH18="")*($D$6:$AH$6="WO"))) | AM18: =IF($B18="","",COUNTIF($D18:$AH18,"PH")+SUMPRODUCT(($D18:$AH18="")*($D$6:$AH$6="PH"))) | AN18: =IF($B18="","",COUNTIF($D18:$AH18,"CL")) | AO18: =IF($B18="","",COUNTIF($D18:$AH18,"SL")) | AP18: =IF($B18="","",COUNTIF($D18:$AH18,"PL")) | AQ18: =IF($B18="","",AI18+0.5*AK18+AL18+AM18+AN18+AO18+AP18) | AR18: =IF($B18="","",AJ18+0.5*AK18) | AS18: =IF($B18="","",Setting!$B$7-(AI18+AJ18+AK18+AL18+AM18+AN18+AO18+AP18))
... A106: =IF(B106="","",ROW()-6) | B106: =IF(Employee_List!A104="","",Employee_List!A104) | C106: =IF(B106="","",Employee_List!B104) | AI106: =IF($B106="","",COUNTIF($D106:$AH106,"P")) | AJ106: =IF($B106="","",COUNTIF($D106:$AH106,"A")) | AK106: =IF($B106="","",COUNTIF($D106:$AH106,"HD")) | AL106: =IF($B106="","",COUNTIF($D106:$AH106,"WO")+SUMPRODUCT(($D106:$AH106="")*($D$6:$AH$6="WO"))) | AM106: =IF($B106="","",COUNTIF($D106:$AH106,"PH")+SUMPRODUCT(($D106:$AH106="")*($D$6:$AH$6="PH"))) | AN106: =IF($B106="","",COUNTIF($D106:$AH106,"CL")) | AO106: =IF($B106="","",COUNTIF($D106:$AH106,"SL")) | AP106: =IF($B106="","",COUNTIF($D106:$AH106,"PL")) | AQ106: =IF($B106="","",AI106+0.5*AK106+AL106+AM106+AN106+AO106+AP106) | AR106: =IF($B106="","",AJ106+0.5*AK106) | AS106: =IF($B106="","",Setting!$B$7-(AI106+AJ106+AK106+AL106+AM106+AN106+AO106+AP106))
C107: Present Count (day-wise) | D107: =IF(D$4="","",COUNTIF(D7:D106,"P")+0.5*COUNTIF(D7:D106,"HD")) -> 0 | E107: =IF(E$4="","",COUNTIF(E7:E106,"P")+0.5*COUNTIF(E7:E106,"HD")) -> 0 | F107: =IF(F$4="","",COUNTIF(F7:F106,"P")+0.5*COUNTIF(F7:F106,"HD")) -> 0 | G107: =IF(G$4="","",COUNTIF(G7:G106,"P")+0.5*COUNTIF(G7:G106,"HD")) -> 0 | H107: =IF(H$4="","",COUNTIF(H7:H106,"P")+0.5*COUNTIF(H7:H106,"HD")) -> 0 | I107: =IF(I$4="","",COUNTIF(I7:I106,"P")+0.5*COUNTIF(I7:I106,"HD")) -> 0 | J107: =IF(J$4="","",COUNTIF(J7:J106,"P")+0.5*COUNTIF(J7:J106,"HD")) -> 0 | K107: =IF(K$4="","",COUNTIF(K7:K106,"P")+0.5*COUNTIF(K7:K106,"HD")) -> 0 | ... AH107: =IF(AH$4="","",COUNTIF(AH7:AH106,"P")+0.5*COUNTIF(AH7:AH106,"HD")) -> 0
C108: Absent Count (day-wise) | D108: =IF(D$4="","",COUNTIF(D7:D106,"A")+0.5*COUNTIF(D7:D106,"HD")) -> 0 | E108: =IF(E$4="","",COUNTIF(E7:E106,"A")+0.5*COUNTIF(E7:E106,"HD")) -> 0 | F108: =IF(F$4="","",COUNTIF(F7:F106,"A")+0.5*COUNTIF(F7:F106,"HD")) -> 0 | G108: =IF(G$4="","",COUNTIF(G7:G106,"A")+0.5*COUNTIF(G7:G106,"HD")) -> 0 | H108: =IF(H$4="","",COUNTIF(H7:H106,"A")+0.5*COUNTIF(H7:H106,"HD")) -> 0 | I108: =IF(I$4="","",COUNTIF(I7:I106,"A")+0.5*COUNTIF(I7:I106,"HD")) -> 0 | J108: =IF(J$4="","",COUNTIF(J7:J106,"A")+0.5*COUNTIF(J7:J106,"HD")) -> 0 | K108: =IF(K$4="","",COUNTIF(K7:K106,"A")+0.5*COUNTIF(K7:K106,"HD")) -> 0 | ... AH108: =IF(AH$4="","",COUNTIF(AH7:AH106,"A")+0.5*COUNTIF(AH7:AH106,"HD")) -> 0

Sheet Employee_List
A1: EMPLOYEE LIST
A2: Enter each employee once. Row 5 is an example - overwrite or delete it.
A4: Emp Code | B4: Employee Name | C4: Department | D4: Designation | E4: Date of Joining
A5: EMP001 | B5: Sample Employee | C5: Production | D5: Operator | E5: 45383
